{"stats":{"minecraft:custom":{"minecraft:jump":134,"minecraft:time_since_rest":36471,"minecraft:deaths":3,"minecraft:walk_on_water_one_cm":4266,"minecraft:damage_taken":825,"minecraft:leave_game":5,"minecraft:play_time":64681,"minecraft:sprint_one_cm":19707,"minecraft:time_since_death":36445,"minecraft:walk_one_cm":31044,"minecraft:sneak_time":214,"minecraft:total_world_time":68334,"minecraft:walk_under_water_one_cm":6286,"minecraft:swim_one_cm":9084,"minecraft:fall_one_cm":3008,"minecraft:fly_one_cm":187656},"minecraft:used":{"minecraft:stone_button":5,"minecraft:torch":2,"alexsmobs:animal_dictionary":2,"minecraft:stone":16,"minecraft:command_block":8},"minecraft:picked_up":{"minecraft:stone_button":4}},"DataVersion":2975}